1,active yeast
2,water
3,white sugar
4,salt
5,eggs
6,butter
7,flour
8,baking powder
9,poppy seeds
10,butter flavored extract
11,vegetable oil
12,milk
13,vanilla extract
14,almond extract
15,orange juice
16,confectioners' sugar
17,cake compressed yeast
18,ginger
19,mace
20,orange
21,golden raisins
22,candied mixed fruit
23,almonds
24,egg yolk
25,applesauce
26,raisins
27,cinnamon
28,baking soda
29,sour cream
30,oats
31,shortening
32,brown sugar
33,molasses
34,bread flour
35,quick cooking oats
36,apple juice
37,nutmeg
38,apple
39,walnuts
40,buttermilk
41,egg yolks
42,lemon extract
43,fruit preserves
44,hot water
45,whole wheat flour
46,cardamom
47,cottage cheese
48,margarine
49,bananas
50,instant coffee granules
51,semisweet chocolate chips
52,cornmeal
53,green bell pepper
54,onion
55,garlic powder
56,whole kernel corn
57,pimento peppers
58,jalapeno peppers
59,real maple syrup
60,bread
61,salt to taste
62,raisin bread
63,unsweetened cocoa powder
64,semi sweet chocolate chips
65,rye flour
66,ghee
67,plain yogurt
68,kalonji
69,corn syrup
70,semisweet chocolate
71,unsalted butter
72,mini semi sweet chocolate chips
73,cloves
74,pecans
75,wheat germ
76,honey
77,potato
78,bread machine yeast
79,low fat sour cream
80,skim milk
81,pork
82,shrimp
83,green onions
84,ginger root
85,soy sauce
86,rice wine
87,black pepper to taste
88,Chinese Steamed Buns
89,boneless pork loin roast
90,barbecue sauce
91,shallots
92,chicken broth
93,dark soy sauce
94,carrots
95,pineapple
96,cider vinegar
97,dark corn syrup
98,caraway seed
99,fennel seed
100,milk powder
101,mixed fruit
102,dill pickle
103,parsley
104,dill weed
105,dark beer
106,For the Sponge:
107,For the Dough:
108,lemon
109,pumpkin pie spice
110,butter flavored shortening
111,pumpkin puree
112,yellow cake mix
113,wheat berries
114,spelt flour
115,barley
116,millet
117,green lentils
118,great Northern beans
119,kidney beans
120,pinto beans
121,olive oil
122,zucchini
123,cream cheese
124,candied cherries
125,candied citron
126,egg white
127,dark brown sugar
128,coconut milk
129,unsweetened coconut
130,self rising flour
131,or bottle beer
132,oat bran
133,beer
134,beef bouillon
135,cayenne pepper
136,hot chile oil
137,cumin
138,chili powder
139,thyme
140,amaranth flour
141,tapioca flour
142,arrowroot flour
143,wheat free baking powder
144,kosher salt
145,Amish Friendship Bread Starter
146,instant vanilla pudding mix
147,distilled white vinegar
148,clove garlic
149,white rice flour
150,brown rice flour
151,xanthan gum
152,unflavored gelatin
153,superfine sugar
154,egg substitute
155,walnut oil
156,lemon flavored yogurt
157,lemon juice
158,nonfat lemon yogurt
159,millet flour
160,pastry flour
161,lard
162,instant powdered milk
163,currants
164,sourdough starter
165,nonfat milk powder
166,garlic salt
167,onion powder
168,basil
169,celery seed
170,allspice
171,extra egg
172,tomato paste
173,sherry
174,sun tomatoes
175,sharp Cheddar cheese
176,sea salt
177,quinoa flour
178,white spelt flour
179,rosemary
180,cream of tartar
181,or bottle lemon lime flavored carbonated beverage
182,bread dough
183,dinner roll dough
184,Parmesan cheese
185,sesame seeds
186,macadamia nuts
187,potato flakes
188,potatoes
189,steel oats
190,powdered buttermilk
191,hoisin sauce
192,oyster sauce
193,cornstarch
194,sesame oil
195,white pepper
196,candied mixed citrus
197,rum
198,oregano
199,Parmigiano Reggiano cheese
200,instant pistachio pudding mix
201,maraschino cherries
202,green food coloring
203,water to cover
204,whole bran cereal
205,Cheddar cheese
206,cherries
207,maple flavored extract
208,instant butterscotch pudding mix
209,anise seed
210,egg whites
211,instant coffee
212,malted milk powder
213,peanut butter
214,blackberry jelly
215,bananas lengthwise
216,graham flour
217,black olives
218,Italian seasoning
219,stone cornmeal
220,whole milk
221,egg bread
222,evaporated milk
223,soy milk
224,liquid lecithin
225,oat flour
226,soy flour
227,arrowroot powder
228,chives
229,canned pears
230,bread cubes
231,Muenster cheese
232,whole almonds
233,canola oil
234,flax seed
235,pepperjack cheese
236,black pepper
237,apricot preserves
238,lecithin
239,hot bread roll mix
240,pork sausage
241,pepperoni
242,mozzarella cheese
243,monosodium glutamate
244,baking mix
245,blueberries
246,cocoa powder
247,flaxseed oil
248,whey powder
249,savory
250,strawberries
251,apple butter
252,Herman Sourdough Starter
253,pineapple juice
254,vanilla soy milk
255,sucanat
256,vanilla baking chips
257,ice water
258,lowfat cream cheese
259,chai tea
260,flavor fruit jam
261,potato starch
262,apples
263,semolina flour
264,spinach
265,corn oil
266,buttermilk biscuit dough
267,broccoli
268,provolone cheese
269,ricotta cheese
270,salt pepper to taste
271,prosciutto
272,Romano cheese
273,dates
274,instant lemon pudding mix
275,crunchy peanut butter
276,vital wheat gluten
277,granola
278,mayonnaise
279,non iodized salt
280,cloves garlic
281,Kalamata olives
282,marjoram
283,mocha flavored instant coffee mix
284,pears
285,canned pumpkin puree
286,masa harina
287,whipping cream
288,pepperoni sausage
289,canned mushrooms
290,whole meal rye flour
291,filtered or spring water
292,grapes
293,muesli cereal
294,buttermilk baking mix
295,condensed mincemeat
296,Dutch process cocoa powder
297,cracked wheat
298,nonfat milk
299,sunflower seeds
300,buckwheat flour
301,milk chocolate chips
302,unsliced white bread
303,solid pack pumpkin puree
304,hot coffee
305,rum flavored extract
306,barley flour
307,dark rum
308,sweet potatoes
309,whole cranberry sauce
310,sour milk
311,candied pineapple
312,red green candied cherries
313,Crust:
314,vanilla wafers
315,Filling:
316,coffee flavored liqueur
317,Topping:
318,whipped topping
319,chocolate sandwich cookies
320,coconut
321,cherry pie filling
322,red food coloring
323,unsweetened chocolate
324,graham cracker
325,pecan sandies cookies
326,whipping cream whipped
327,Neufchatel cheese
328,lemon flavored Jell O®
329,cake flour
330,vanilla sugar
331,chocolate cake mix
332,chocolate cookie
333,Irish cream liqueur
334,apple pie filling
335,white cake mix
336,creme de menthe liqueur
337,chocolate syrup
338,mandarin orange segments
339,corn flour
340,devil's food cake mix
341,key lime
342,key lime juice
343,reduced fat yellow cake mix
344,white wine
345,sweetened chestnut puree
346,semi sweet chocolate
347,cream
348,marrons glaces
349,chocolate frosting
350,apricot nectar
351,gum drops no licorice ones
352,brandy
353,apple jelly
354,bittersweet chocolate
355,moist yellow cake mix
356,mandarin oranges
357,coconut extract
358,unsweetened pineapple juice
359,German chocolate cake mix
360,cola flavored carbonated beverage
361,gummi worms
362,non instant chocolate pudding mix
363,strawberry flavored Jell O®
364,fruit cocktail
365,instant dessert topping
366,matzo cake meal
367,sweetened condensed milk
368,orange extract
369,graham cracker crust
370,apricot
371,Banana Nut Coconut Cake:
372,Banana Nut Frosting:
373,sweet chocolate
374,sugar
375,hot fudge topping
376,hazelnuts
377,chocolate wafers
378,peppermint extract
379,Glaze
380,coffee
381,cream sherry
382,vanilla ice cream
383,lemonade concentrate
384,pink lemonade concentrate
385,instant chocolate pudding mix
386,vodka
387,prunes
388,butternut flavored extract
389,pound cake
390,dark sweet cherries
391,orange liqueur
392,White Chocolate Cheesecake:
393,white chocolate
394,White Chocolate Brandy Sauce:
395,whipped cream
396,mango
397,cranberries
398,unsulfured molasses
399,grape juice
400,lemon cake mix
401,ladyfinger cookies
402,clear imitation vanilla extract
403,peaches
404,canned pineapple
405,caramels
406,vanilla sandwich cookies
407,tootsie rolls
408,liquid sweetener
409,unsweetened applesauce
410,chocolate covered English toffee
411,rhubarb
412,white vinegar
413,pina colada mix
414,lemon lime flavored carbonated beverage
415,Coconut Cake:
416,White Frosting:
417,almond paste
418,vanilla yogurt
419,lime
420,candy sprinkles
421,canned peaches
422,sauerkraut
423,milk chocolate covered caramel nougat candy
424,milk chocolate covered caramel nougat
425,fun size chocolate coated caramel peanut nougat candy
426,graham crackers
427,red candied cherries
428,green candied cherries
429,raspberries
430,seedless raspberry preserves
431,mascarpone cheese
432,sponge cake
433,Cake:
434,Lady Baltimore Frosting
435,gingersnap cookie
436,prunes baby food
437,Coffee Cake:
438,unbleached flour
439,white rum
440,chocolate fudge frosting
441,pastry cream
442,powdered butter flavoring
443,Galliano liqueur
444,Frosting:
445,creamy peanut butter
446,butter cake mix
447,miniature marshmallows
448,angel food cake mix
449,peanut butter chips
450,caramel ice cream topping
451,chocolate covered toffee
452,Golden Delicious apple
453,Glaze :
454,anisette toasts
455,non instant vanilla pudding mix
456,almond slices
457,Glaze:
458,marshmallow creme
459,orange cake mix
460,orange flavored Jell O® mix
461,green apples
462,butternuts
463,German sweet chocolate
464,reduced fat buttermilk baking mix
465,Dr. Pepper drink
466,unsalted peanuts
467,amaretto liqueur
468,vanilla bean lengthwise
469,flat bottomed ice cream cones
470,hot milk
471,yellow food coloring
472,marshmallows
473,popcorn
474,gumdrops
475,chocolate covered peanuts
476,candy coated chocolate
477,candied lemon
478,candied orange
479,candy coated milk chocolate eggs
480,apricots
481,cream whipped
482,condensed tomato
483,whipped topping mix
484,chocolate covered toffee bars
485,macaroon cookies
486,mint extract
487,chocolate covered mints
488,biscuit baking mix
489,nonfat plain yogurt
490,butter or margarine
491,salted peanuts
492,rice cereal
493,blackberry Jell O®
494,blackberry wine
495,Icing
496,pecan or to taste
497,brandy flavoring
498,smooth peanut butter
499,tomato sauce
500,maple syrup
501,candied angelica
502,chocolate wafer cookies
503,Cookie Dough:
504,pandan paste
505,ovalette
506,Chocolate Buttercream
507,brandy based orange liqueur
508,blanched almonds
509,Seven Minute Frosting
510,peppermint candies
511,ladyfingers
512,orange sherbet
513,oil
514,For the Cake:
515,For the Icing:
516,Nutmeg Cake:
517,Caramel Icing:
518,turbinado sugar
519,whole milk ricotta cheese
520,strawberry cake mix
521,strawberry frosting mix
522,bourbon
523,rosewater
524,Mocha Cream Filling Frosting:
525,Brazil nuts
526,moist white cake mix
527,carrot cake mix
528,brownie mix
529,chocolate fudge topping
530,orange segments
531,apricot brandy
532,dark chocolate cake mix
533,apples cinnamon muffin mix
534,cinnamon or to taste
535,carbonated water
536,cognac
537,salted pecans
538,carrot baby food
539,plain whole milk yogurt
540,chocolate mousse mix
541,milk chocolate candy
542,butterscotch pudding
543,butterscotch chips
544,vanilla frosting
545,black licorice whips
546,angel food cake
547,strawberry ice cream
548,marble cake mix
549,tablespoon teaspoon flour
550,black walnuts
551,ready to use strawberry glaze
552,Twinkies
553,plums
554,sweetened strawberries
555,orange juice concentrate
556,orange food coloring
557,blackberries
558,Williamsburg Butter Frosting
559,seedless raspberry jam
560,fruit flavored Jell O® mix
561,white cake
562,lime flavored Jell O® mix
563,inch pastry shells
564,fat free sour cream
565,lite whipped topping
566,apricot baby food
567,plum baby food
568,lemon flavored Jell O® mix
569,raspberry flavored Jell O® mix
570,cream of coconut
571,cardamom flavored extract
572,lemon pie filling
573,canned pumpkin
574,glace cherries
575,sweetened coconut
576,rhubarb jam
577,instant banana pudding mix
578,candies mixed fruit
579,unpeeled pears
580,Friendship Fruit Starter
581,apple pie spice
582,sugar free chocolate wafer cookie
583,brown sugar substitute
584,instant espresso coffee
585,blue cheese
586,red bell pepper
587,glucose syrup
588,glycerin
589,Swiss cheese
590,currant jelly
591,gingersnap cookies
592,part skim ricotta cheese
593,low fat cottage cheese
594,blueberries pack
595,blueberry jelly
596,zwieback toast
597,Colby cheese
598,cherry brandy
599,cherry cake mix
600,Cream Cheese Frosting:
601,lemons
602,oranges
603,raisins or dates
604,guava pulp
605,guava nectar
606,peanuts
607,Icing:
608,lime juice
609,hazelnut liqueur
610,plain low fat yogurt
611,low fat milk
612,pecan liqueur
613,For the Cake Layer:
614,sour red pie cherries
615,yogurt
616,pie crusts
617,banana extract
618,artificial sweetener
619,or bottle cola flavored carbonated beverage
620,Cake Layers:
621,poppyseed filling
622,whiskey
623,unsweetened pineapple
624,chocolate pudding pie filling mix
625,moist dark chocolate cake mix
626,dark chocolate frosting
627,French vanilla yogurt
628,colored candy sprinkles
629,blackberry preserves
630,beets
631,yellow cake
632,beans
633,whole peanuts
634,potato flour
635,grape jam
636,Kentucky Fruit Filling
637,mango puree
638,Caramel Cream Frosting
639,orange flavored fruit jelly candies
640,cream style corn
641,peach brandy
642,mincemeat pie filling
643,fat free sweetened condensed milk
644,oil substitute
645,seven minute frosting
646,sour cherries
647,sugar substitute
648,white chocolate chips
649,cranberry applesauce
650,vanilla or colored frosting
651,gluten free vanilla extract
652,cocoa
653,PASTRY:
654,FILLING:
655,FROSTING:
656,persimmon pulp
657,orange slices candy
658,barley malt syrup
659,brown rice syrup
660,silken tofu
661,champagne
662,blueberry pie filling
663,gumdrops no black ones
664,pistachio nuts
665,strawberry extract
666,Granny Smith apples
667,port wine
668,butterscotch schnapps
669,espresso coffee
670,butter pecan cake mix
671,coconut pecan frosting
672,Southern Comfort liqueur
673,whole chestnuts
674,pancake/waffle mix
675,strawberry flavored carbonated beverage
676,apple juice concentrate
677,Macintosh apples
678,unsweetened apple butter
679,long grain white rice
680,half half cream
681,prune juice
682,miniature semisweet chocolate chips
683,raspberry jam
684,root beer extract
685,root beer
686,spice cake mix
687,milk chocolate
688,turmeric
689,pine nuts
690,Cajun Cake:
691,Fresh Coconut Cake:
692,coconut meat
693,Coconut Frosting:
694,milk Judges 5:25
695,white sugar Jeremiah 6:20
696,figs
697,raisins Samuel 30:11
698,almonds Numbers 17:8
699,honey 1st Samuel 14:25
700,salt Leviticus 2:13
701,edible carnations
702,Mountain Dew™
703,lowfat buttermilk
704,fat free evaporated milk
705,piping gel
706,yellow paste food coloring
707,brown paste food coloring
708,orange chewy fruit flavored candy
709,shaped spearmint gumdrops
710,red gumdrops
711,white gumdrops
712,candy lime
713,tapioca
714,pound cake mix
715,caffeinated citrus flavored soda
716,cannoli shells
717,strawberry jam
718,caramel candy
719,milk chocolate frosting
720,pineapple pie filling
721,straight sided wide mouth canning jars
722,green tomatoes
723,extra virgin olive oil
724,purple grapes
725,Baby Ruth ™ candy bars
726,brown sugar twin
727,seedless fruit preserves
728,chocolate covered graham cracker cookies
729,black tea
730,reserved pineapple juice
731,shortbread pie crust
732,white rice
733,toffee candy
734,kirschwasser
735,Bing cherries
736,toasted hazelnuts
737,peach schnapps
738,spiced rum
739,cherry juice
740,jellied cranberry sauce
741,low fat margarine
742,instant white chocolate pudding mix
743,mushrooms
744,boneless chicken breast
745,whole chicken
746,ham
747,condensed cream of chicken
748,bread stuffing mix
749,Worcestershire sauce
750,chicken meat
751,celery
752,poultry seasoning
753,boneless chicken breast thickness
754,boneless chicken breasts
755,onion mix
756,French dressing
757,teriyaki sauce
758,condensed nacho cheese
759,salsa
760,green chiles
761,flour tortillas
762,cashews
763,buttery crackers
764,creamy salad dressing
765,curry powder
766,paprika
767,Monterey Jack cheese
768,tarragon
769,converted long grain white rice
770,condensed cream of mushroom
771,chicken
772,American cheese
773,cornflakes cereal
774,smoked sausage
775,red bell peppers
776,roma tomatoes
777,chicken stock
778,red potatoes
779,green beans
780,onions
781,green chile peppers
782,tomatoes
783,chicken wings
784,mustard
785,bay
786,spaghetti
787,processed cheese
788,salt or to taste
789,sweet sour sauce
790,corn tortillas
791,chili
792,yellow squash
793,zucchinis
794,sage
795,hot pepper sauce
796,bone
797,bacon
798,beef
799,Dijon style mustard
800,white wine vinegar
801,seedless green grapes
802,white onions
803,condensed cream of Cheddar cheese
804,ketchup
805,brown potatoes
806,potato chips
807,orange food color
808,baby corn
809,puff pastry
810,garlic
811,saffron
812,boneless chicken
813,lemon pepper
814,Italian style bread
815,apricot jam
816,white bread
817,instant rice
818,feta cheese
819,balsamic vinegar
820,red pepper flakes
821,red onion
822,eggplant
823,mixed salad greens
824,green olives
825,radishes
826,red wine
827,seedless red grapes
828,creamy cucumber salad dressing
829,half half
830,Gorgonzola cheese
831,penne pasta
832,Russian style salad dressing
833,honey mustard
834,egg noodles
835,chicken bouillon
836,chicken bouillon powder
837,pimento
838,seedless grapes
839,cilantro
840,pasta shape of your choice
841,pineapple tidbits
842,cucumber
843,yellow bell pepper
844,limes
845,garbanzo beans
846,wild rice
847,green chili
848,corn flakes cereal
849,Italian style salad dressing
850,Marsala wine
851,meat extract
852,lemon grass
853,whole white peppercorns
854,boneless chicken thighs
855,lasagna noodles
856,curd cottage cheese
857,chutney
858,seasoning salt
859,horseradish
860,pomegranate syrup
861,fat free condensed cream of mushroom
862,beef consomme
863,reduced fat sour cream
864,whole boneless chicken breasts
865,peppercorn gravy mix
866,cooking spray
867,rubbed sage
868,chicken breast
869,biscuit dough
870,corn flakes
871,ranch dressing mix
872,avocado
873,honey mustard salad dressing mix
874,sugar snap peas
875,avocados
876,pita breads
877,lettuce
878,deep dish pie crusts
879,mixed vegetables
880,low sodium chicken broth
881,quick cooking couscous
882,jalapeno chile peppers
883,coriander seed
884,chicken breasts
885,skewers
886,cannellini beans
887,chile paste
888,onion lengthwise
889,cabbage
890,soba noodles
891,rice
892,ranch style salad dressing
893,condensed cream of celery
894,cherry tomatoes
895,pimento stuffed green olives
896,chicken drumsticks
897,black bean sauce
898,leek only
899,saturei
900,syrup from canned figs
901,herb stuffing mix
902,boneless chicken parts
903,Ranch style salad dressing
904,whole chickens
905,kiwi
906,boiler chickens
907,mustard powder
908,green bell peppers
909,Italian style salad dressing mix
910,zucchini squash
911,yellow summer squash
912,Italian bread
913,hot chicken broth
914,artichoke hearts
915,English muffins
916,asparagus
917,tart apple
918,salted cashews
919,stuffing mix
920,chicken bouillon granules
921,ginger garlic paste
922,garam masala
923,ramen noodles
924,peanut oil
925,rice vinegar
926,chicken breast meat
927,hot chile pepper
928,tortilla chips
929,Cajun seasoning
930,unsweetened coconut milk
931,farfalle pasta
932,hot Italian turkey sausage
933,water chestnuts
934,French fried onions
935,salt black pepper to taste
936,portobello mushrooms
937,crescent rolls
938,croutons
939,roasting chicken
940,unsalted natural style peanut butter
941,dill
942,taco sauce
943,fettuccine pasta
944,tequila
945,chicken tenderloins
946,leeks
947,condensed vegetable
948,pastry
949,baby carrots
950,peas
951,napa cabbage
952,crispy fried rice noodles
953,butter crackers
954,enchilada sauce
955,processed cheese spread
956,mangos
957,lime juice pulp
958,chicken broth or more
959,Polish sausage diagonally
960,bacon grease
961,cracked black pepper
962,Dijon mustard
963,steak sauce
964,black beans
965,chicken thighs
966,white bread cubes
967,reserved cooking liquid from chicken
968,chicken flavor stuffing mix
969,Chinese style sausages
970,shiitake mushrooms
971,pasta
972,wine vinegar
973,jerk paste
974,gin
975,fish sauce
976,jasmine rice
977,inch asparagus
978,snow peas
979,Italian style dressing mix
980,raspberry vinegar
981,red chile pepper
982,ginger juice
983,sugar snap pea pods
984,smoked deli chicken
985,angel hair pasta
986,bottled Bloody Mary mix
987,sweet corn
988,boneless chicken breast lengthwise
989,cream of chicken
990,corn kernels
991,Louisiana style hot sauce
992,cayenne pepper or to taste
993,or bottle orange flavored carbonated beverage
994,celery salt
995,chicken legs
996,green peas
997,spinach souffle
998,linguine pasta
999,pickled cucumbers
1000,condensed golden mushroom
1001,red leaf lettuce
1002,cheese flavored butter crackers
1003,plain non fat yogurt
1004,sandwich rolls
1005,low fat mayonnaise
1006,sweet pickles
1007,yellow bell peppers
1008,sweet pickle relish
1009,whole chicken wings
1010,seasoning salt to taste
1011,brown rice
1012,okra
1013,dry stuffing mix
1014,raspberry salsa
1015,saltine crackers
1016,boneless chicken breast meat
1017,game hens
1018,salt free herb spice blend
1019,poached boneless chicken breast
1020,Gruyere cheese
1021,smoked beef
1022,spaghetti sauce
1023,Pico de Gallo:
1024,granulated sugar
1025,Italian style seasoning
1026,low fat tortilla chips
1027,orange marmalade
1028,low fat cream of celery
1029,low fat mozzarella cheese
1030,whole tomatoes
1031,cream of chicken mix
1032,chicken quarters
1033,chunky salsa
1034,condensed cream of broccoli
1035,broccoli florets
1036,Chinese noodles
1037,steak seasoning to taste
1038,rotini pasta
1039,romaine lettuce
1040,condensed chicken rice
1041,barbeque sauce
1042,fat free mayonnaise
1043,picante sauce
1044,Greek style seasoning
1045,chicken livers
1046,carrots diagonally
1047,herb chicken broth
1048,boneless chicken thick
1049,cooking sherry
1050,fontina cheese
1051,chile peppers sun
1052,Catalina salad dressing
1053,capers
1054,red wine vinegar
1055,Burgundy wine
1056,chile sauce
1057,garlic cloves
1058,spinach tagliatelle pasta
1059,chicken broth base
1060,corn flake cereal
1061,Chinese noodles briefly to
1062,mirin
1063,bamboo
1064,watercress
1065,rice noodles
1066,herb bread stuffing mix
1067,couscous
1068,chicken tenders
1069,chicken breast tenderloins or strips
1070,Caesar style salad dressing
1071,tomato basil feta cheese
1072,American processed cheese
1073,Cornish game hens
1074,sweet onions
1075,reduced fat cream of chicken
1076,low fat low sodium chicken broth
1077,chili beans
1078,Colby longhorn cheese
1079,chicken wings wings
1080,taco seasoning mix
1081,garlic paste
1082,red chile pepper or to taste
1083,broiler/fryer chicken
1084,wide egg noodles
1085,ziti pasta
1086,broccoli steamed
1087,fried boneless chicken breast
1088,browning sauce
1089,chile peppers
1090,chicken gravy
1091,whole cloves
1092,sweet vermouth
1093,unpeeled garlic
1094,processed cheese food
1095,Chablis or other white wine
1096,dark meat chicken
1097,sweet Italian sausage
1098,pineapple juice concentrate
1099,Spanish style rice mix
1100,scalloped potato mix
1101,pizza crust
1102,honey slightly
1103,pasta your choice of shape
1104,creme fraiche
1105,chipotle peppers
1106,baby spinach
1107,chili sauce
1108,honey ham
1109,lowfat Monterey Jack cheese
1110,hot chutney
1111,Thai peanut sauce
1112,hot chile paste
1113,bacon meat
1114,button mushrooms
1115,Dungeness crabmeat
1116,wheat barley nugget cereal
1117,red beans & rice mix
1118,salt free Cajun seasoning
1119,teriyaki basting sauce
1120,bacon bits
1121,smoked ham
1122,red onions
1123,candlenuts
1124,shrimp paste
1125,mustard seed
1126,acorn squash
1127,pasta sauce
1128,cranberry sauce
1129,Brie cheese
1130,orange flavored carbonated beverage
1131,nacho flavor tortilla chips
1132,vermicelli pasta
1133,baby peas
1134,Chinese five spice powder
1135,lemon pepper to taste
1136,lemon herb seasoning to taste
1137,cumin to taste
1138,thyme to taste
1139,smoked sausage of your choice
1140,cinnamon stick
1141,pan cornbread
1142,Parma ham
1143,flat leaf parsley
1144,Brussels sprouts scored
1145,orange turnip
1146,rendered bacon fat
1147,corn bread stuffing mix
1148,corn muffin mix
1149,carcass
1150,fennel untrimmed
1151,sugar pumpkin
1152,sweet potatoes lengthwise
1153,black cherry flavored Jell O® mix
1154,process cheese sauce
1155,butternut squash
1156,pie shell
1157,chestnuts
1158,white corn
1159,oranges sectioned
1160,lemon yogurt
1161,unsweetened apple juice concentrate
1162,nuts
1163,or cranberries
1164,cherry flavored Jell O® mix
1165,red apple
1166,tart apples
1167,whole corn kernels
1168,Cornbread:
1169,Stuffing:
1170,turkey broth
1171,dark molasses
1172,crystallized ginger
1173,pearl onions
1174,stuffing
1175,premium vanilla ice cream
1176,inch vanilla cookie crumb crust
1177,turkey
1178,whole goose
1179,rye bread
1180,picked over turkey carcass
1181,yellow onion
1182,rutabaga
1183,whole turkey
1184,pumpkin bread
1185,crimini mushrooms
1186,artichokes to the heart
1187,fennel
1188,baking potato
1189,Belgian endive
1190,to taste salt pepper
1191,Yukon Gold potatoes
1192,onion salt
1193,apple cider
1194,whole turkey neck
1195,apple brandy
1196,baking potatoes
1197,rutabagas
1198,parsnips
1199,cranberries picked through
1200,beef bouillon cube
1201,garlic pepper seasoning
1202,kiwis
1203,corn
1204,cinnamon sticks
1205,cornbread
1206,turkey giblets
1207,oysters
1208,turnips
1209,Spanish peanuts
1210,pie shells
1211,miniature chocolate covered peanut butter
1212,Bosc pears
1213,square sandwich bread
1214,pumpkin butter
1215,whole black peppercorns
1216,red cabbage
1217,anchovy
1218,yams
1219,breakfast sausage
1220,turkey stock
1221,clean new red potatoes
1222,Fuyu persimmons
1223,crookneck yellow squash
1224,boneless turkey breasts
1225,sweetened cranberries
1226,canned sweet potatoes
1227,sweet potatoes undrained
1228,reduced fat margarine
1229,wax beans
1230,cranberry juice concentrate
1231,turkey tenderloins
1232,mild Cheddar cheese
1233,vegetable broth
1234,porcini mushrooms
1235,egg bread crust
1236,beef drippings
1237,goose
1238,French bread
1239,tawny port wine
1240,condensed chicken broth
1241,cranberry juice
1242,pork roast
1243,red green sprinkles
1244,ruby port wine
1245,pods green cardamom
1246,peppermint candy canes
1247,lady apples
1248,whole allspice berries
1249,liters ginger ale
1250,liter club soda
1251,sparkling apple cider
1252,ice cubes
1253,fruit punch
1254,whole or walnuts
1255,red green maraschino cherries
1256,shoyu
1257,giblet gravy
1258,mini twist pretzels
1259,red green candy sprinkles
1260,leftover turkey
1261,turkey gravy
1262,calamari
1263,Chianti wine
1264,red apples
1265,clear apple cider
1266,Pie Filling:
1267,miniature semisweet chocolate chips or to taste
1268,Sweet Crust:
1269,cook serve butterscotch pudding mix
1270,cinnamon red hot candies
1271,ice
1272,powdered non dairy creamer
1273,salmon
1274,lemon wedges
1275,graham cracker crusts
1276,candied citrus
1277,cumin seed
1278,chocolate cookie crumb crust
1279,sultana raisins
1280,fruit juice
1281,chocolate ice cream
1282,unopened live oysters
1283,Ranch style dressing mix
1284,marzipan
1285,whole leg of lamb
1286,raspberry preserves
1287,Merlot wine
1288,salt black pepper
1289,candy coated milk chocolate
1290,leg of lamb
1291,prime rib roast
1292,refried beans
1293,canned crabmeat
1294,unpopped popcorn
1295,liquid pectin
1296,pomegranate juice
1297,canned salmon
1298,maple flavored syrup
1299,cauliflower
1300,whole allspice
1301,instant tea
1302,orange flavored drink mix
1303,lemonade flavor drink powder
1304,eggnog
1305,condensed cream of potato
1306,peppermint oil
1307,color food coloring paste
1308,vanilla flavored confectioners' coating
1309,pretzel twists
1310,red green candy coated chocolate
1311,red candied pineapple
1312,green candied pineapple
1313,phyllo dough
1314,lemon flavored ice tea mix
1315,cinnamon oil
1316,crispy rice cereal
1317,oat cereal
1318,pretzel sticks
1319,mini candy coated chocolate
1320,whole vanilla bean
1321,instant chocolate drink mix
1322,mixed nuts
1323,fruitcake
1324,salami
1325,vanilla rice milk
1326,vanilla flavored non dairy dessert
1327,lime sherbet
1328,crispy corn cereal
1329,wine
1330,pectin
1331,chestnut puree
1332,liters lemon lime flavored carbonated beverage
1333,chocolate mint candies
1334,green sugar crystals
1335,red sugar crystals
1336,low fat sweetened condensed milk
1337,onion rehydrated
1338,Beau Monde ™ seasoning
1339,white corn syrup
1340,red maraschino cherries
1341,green maraschino cherries
1342,chow mein noodles
1343,orange sectioned
1344,white frosting mix
1345,Cheese Mixture:
1346,Apple Mixture:
1347,baking apples
1348,whole pecans
1349,chocolate candy bar
1350,raspberry flavored liqueur
1351,milk chocolate candy kisses
1352,wheat nuts
1353,red decorator sugar
1354,clarified butter
1355,orange flower water
1356,fructose
1357,chocolate covered creamy mints
1358,crystal sugar
1359,mincemeat
1360,carob powder
1361,pistachios
1362,instant espresso
1363,vanilla bean
1364,seedless red raspberry jam
1365,whole cashews
1366,chocolate covered mint cookies
1367,food coloring
1368,lemon marmalade
1369,anise extract
1370,Madeira wine
1371,rolls chocolate covered caramel candies
1372,apricot spreadable fruit
1373,golden syrup
1374,corn oil spread
1375,natural peanut butter
1376,reduced fat white cake mix
1377,granulated artificial sweetener
1378,high protein rice wheat cereal
1379,chocolate covered toffee candy bars
1380,fruit flavored candies
1381,mini candy coated chocolates
1382,cinnamon sugar
1383,pasteurized liquid egg whites
1384,low sodium baking powder
1385,unsalted soda crackers
1386,graham crackers or more
1387,milk chocolate candy bar
1388,peppermint patties
1389,miniature semi sweet chocolate chips
1390,toffee baking bits
1391,chocolate covered peanut butter
1392,chocolate bar
1393,vanilla custard powder
1394,persimmons
1395,green decorator sugar
1396,orange decorator sugar
1397,tart shells
1398,popsicle sticks
1399,sugar cookie mix
1400,rainbow colored miniature marshmallows
1401,whole wheat flake cereal
1402,instant cocoa powder
1403,pretzels
1404,Make Ahead Cookie Mix
1405,anise oil
1406,bittersweet chocolate bar
1407,maraschino cherry juice
1408,dark chocolate chips
1409,meringue powder
1410,multicolored sprinkles
1411,chocolate covered caramel candies
1412,assorted colors of paste food coloring
1413,Basic Cookie Mix
1414,whole orange
1415,Coffee Frosting
1416,sweetened whipped cream
1417,cherry baking chips
1418,fruit preserves flavor
1419,chocolate covered malted milk balls
1420,fun size milk chocolate covered caramel nougat candy
1421,fat free butter flavored granules
1422,wheat bran
1423,fig preserves
1424,colored sugar
1425,craft sticks
1426,pink decorator sugar
1427,long red vine licorice
1428,chocolate mint wafer candies
1429,bran flakes cereal
1430,raspberry jam or jelly
1431,almond brickle chips
1432,sourball candies
1433,fructose sweetener
1434,chocolate flavored crispy rice cereal
1435,reduced fat peanut butter
1436,black walnut extract
1437,sugar frosted corn flake cereal
1438,grapefruit juice
1439,grapefruit
1440,shortening slightly
1441,chocolate covered raisins
1442,chocolate chips
1443,mini chocolate coated peanut nougat candy eg: Baby Ruth TM
1444,chocolate frosting mix
1445,chocolate candies
1446,strawberry preserves
1447,chocolate cookie dough
1448,silver dragees decorating candy
1449,bitter almonds
1450,jellybeans
1451,high quality milk chocolate
1452,whole eggs
1453,chocolate coated caramel peanut nougat candy
1454,anise flavored liqueur
1455,miniature chocolate covered peanut butter cups
1456,whole wheat pastry flour
1457,praline liqueur
1458,low fat plain yogurt
1459,beer nut mix
1460,gluten free baking powder
1461,chocolate flavored cereal puffs
1462,soda crackers
1463,corn chips
1464,junior baby food carrots
1465,chocolate chip cake mix
1466,lavender flowers
1467,powdered chocolate drink mix
1468,vanilla wafer cookies
1469,green gumdrops
1470,rolls of apricot fruit leather
1471,cinnamon graham crackers
1472,lollipop sticks
1473,To Layer In Jar:
1474,To Mix The Cookies:
1475,colored crispy rice cereal
1476,unsweetened nut grain granola
1477,zwieback cracker
1478,raisin bran cereal
1479,vanilla flavored cake mix
1480,bakers' ammonia
1481,pasteurized egg
1482,chocolate coated peanut nougat candy eg: Baby
1483,crispy corn rice cereal
1484,instant hot cocoa mix
1485,powdered milk
1486,pearl sugar
1487,yellow decorator sugar
1488,chocolate covered crispy peanut butter flavored candy
1489,chocolate covered caramels
1490,pineapple flavored cake mix
1491,tomato juice
1492,lime extract
1493,vanilla
1494,chocolate covered crispy peanut butter candy
1495,vanilla pudding
1496,black raspberry jam
1497,peanut butter cookie mix
1498,lemon curd
1499,infant cereal
1500,puffed wheat cereal
1501,pumpkin pie filling
1502,liquid unsweetened baker's chocolate
1503,whole wheat bread
1504,unsweetened apple juice
1505,pancake mix
1506,powdered sugar
1507,apple cinnamon granola
1508,maple sugar
1509,brewers' yeast
1510,beef broth
1511,strawberries cream instant oatmeal
1512,cherry preserves
1513,soy margarine
1514,imitation vanilla extract
1515,low fat lemon yogurt
1516,gluten free baking mix
1517,instant mocha mint coffee
1518,mint chocolate chips
1519,mini peppermint patties
1520,chocolate candy kisses
1521,caramel dip
1522,mixed candied fruit
1523,aspartame sweetener
1524,karat gold dust
1525,chocolate sweetened condensed milk
1526,plum preserves
1527,sugarless raspberry jam
1528,raisin paste
1529,raisin juice concentrate
1530,pineapple preserves
1531,Brownies:
1532,assorted food coloring
1533,liquid artificial sweetener
1534,chicken baby food
1535,glue
1536,tahini
1537,unsalted margarine
1538,rigatoni pasta
1539,macaroni
1540,chorizo sausage
1541,basil leaves
1542,linguini pasta
1543,Italian style tomatoes
1544,imitation crabmeat
1545,seashell pasta
1546,elbow macaroni
1547,red peppers
1548,vine ripened tomatoes
1549,mint leaves
1550,Asiago cheese
1551,scallops
1552,whole black olives
1553,red chile sauce
1554,peanut sauce
1555,tomatoes pushed through a sieve
1556,anchovy filets
1557,Greek olives
1558,lasagne noodles
1559,cavatelli pasta
1560,kalamata olives
1561,pepperoncini
1562,tuna
1563,goat cheese
1564,arugula
1565,mussels
1566,whole bone
1567,chili oil
1568,capellini pasta
1569,tuna steaks
1570,black Greek olives
1571,dill pickles
1572,olives
1573,lentil
1574,ditalini pasta
1575,reduced fat Colby cheese
1576,beef sausage
1577,cheese ravioli
1578,Italian sausage
1579,chive onion cream cheese
1580,pesto
1581,smoked salmon
1582,basil pesto sauce
1583,bean sprouts
1584,basil pesto
1585,fusilli pasta
1586,nonfat cottage cheese
1587,reduced fat processed cheese food
1588,liquid smoke flavoring
1589,colored rotini pasta
1590,perciatelli pasta
1591,Italian cherry peppers
1592,clams
1593,spinach leaves
1594,flounder fillets
1595,beef cube steak
1596,low fat silken tofu
1597,evaporated skim milk
1598,cheese tortellini
1599,tofu
1600,bay scallops
1601,boneless chicken meat
1602,Irish potatoes
1603,celery tops
1604,rendered chicken fat
1605,prawns
1606,Italian sausage links
1607,canned whole tomatoes
1608,pancetta bacon
1609,corned beef
1610,cauliflower florets
1611,clam juice
1612,pumpkin seeds
1613,canned green chile peppers
1614,pasta sheets
1615,sorrel
1616,Udon noodles
1617,pasta shells
1618,tomato puree
1619,extra beef
1620,Pepper Jack cheese
1621,homemade bechamel sauce
1622,orzo pasta
1623,yellow onions
1624,manicotti shells
1625,white clam sauce
1626,French style green beans
1627,seafood stock
1628,crabmeat
1629,tri color spiral pasta
1630,beef stock
1631,pasta according to package directions
1632,instant potato flakes
1633,nonfat evaporated milk
1634,black eyed peas
1635,broccoli florets parboiled
1636,veal
1637,bow tie pasta
1638,cucumbers
1639,mostaccioli pasta
1640,corkscrew pasta
1641,bay shrimp
1642,Asian style salad dressing
1643,spaghetti sauce mix
1644,extra sharp Cheddar cheese
1645,green onions diagonally
1646,brown gravy
1647,chicken flavored ramen noodles
1648,grape clusters
1649,manicotti pasta
1650,balsamic vinaigrette salad dressing
1651,instant lasagna noodles
1652,orange bell pepper
1653,tamari
1654,Old Bay Seasoning TM
1655,zesty Italian dressing
1656,tomatoes undrained
1657,Alfredo style pasta sauce
1658,tri colored pasta assortment
1659,tomato basil pasta sauce
1660,low sodium tomato vegetable juice cocktail
1661,beef neck bones
1662,linguine
1663,cream of pumpkin
1664,poblano chile pepper
1665,foglie d'autumn pasta
1666,Chardonnay wine
1667,Mexican style corn
1668,Sauerkraut Filling OR
1669,Potato Cheese Filling
1670,flank steak
1671,asparagus diagonally
1672,Italian style whole tomatoes
1673,spicy Italian sausage
1674,can whole baby clams
1675,salad shrimp
1676,cider
1677,Locatella cheese
1678,canned shrimp
1679,crab meat
1680,bok choy
1681,sweet corn kernels
1682,iceberg lettuce
1683,creamy Italian salad dressing or more to taste
1684,macaroni cheese
1685,Italian sausages
1686,rainbow radiatore pasta
1687,portabello mushrooms
1688,sun tomatoes rehydrated
1689,cranberry beans
1690,broccoli carrots
1691,canned green peas
1692,canned cannellini beans
1693,tomato pasta sauce
1694,raw macadamia nuts
1695,mulberries
1696,cantaloupe
1697,jalapeno sauce
1698,Cheddar Monterey Jack cheese blend
1699,tomatillo
1700,Pie Crust:
1701,Rome Beauty apples
1702,Comice pears
1703,quick cooking tapioca
1704,Pastry
1705,passion fruits
1706,single serve ready made fat free chocolate pudding
1707,reduced fat smooth peanut butter
1708,elderberries
1709,strawberry flavored Jell O® mix
1710,pastry shell
1711,For the Custard:
1712,For the Streusel:
1713,shell clams
1714,top steak
1715,vanilla wafer crust
1716,gooseberries
1717,non instant chocolate fudge pudding mix
1718,creme de cacao
1719,Chambord
1720,pecan shortbread cookies
1721,strawberries hulled
1722,strawberry flavored yogurt
1723,butter beans
1724,bitters
1725,rump roast
1726,fruit
1727,chocolate sprinkles
1728,instant tapioca
1729,inch pie crust
1730,white cornmeal
1731,limeade concentrate
1732,Concord grapes
1733,espresso
1734,sheets phyllo dough
1735,strawberry jelly
1736,sweet red peppers
1737,sieved avocado pulp
1738,huckleberries
1739,watermelon flavored Jell O®
1740,watermelon
1741,Bartlett pears
1742,Streusel:
1743,Custard:
1744,shortbread tart crust
1745,tea
1746,Irish Mist liqueur
1747,pie crust mix
1748,style cream cheese
1749,Jarlsberg cheese
1750,Canadian style bacon
1751,instant chocolate fudge pudding mix
1752,Three Berry Filling:
1753,peach flavored Jell O® mix
1754,cling peaches
1755,nectarines
1756,red currant jelly
1757,blackberry brandy
1758,Bottom Layer:
1759,Top Layer:
1760,beef tenderloin
1761,beef kidney
1762,to taste salt pepper to taste
1763,deep dish graham cracker pie crust
1764,peach glaze
1765,instant sugar free chocolate pudding mix
1766,reduced calorie whipped topping
1767,egg custard mix
1768,fat free instant chocolate pudding mix
1769,custard powder
1770,unsweetened baking chocolate
1771,inch pie crusts
1772,white creme de cacao
1773,leeks only
1774,plum tomatoes
1775,For the Fresh Strawberry Filling:
1776,For the Swiss Meringue:
1777,mint chocolate chip ice cream
1778,rum or to taste
1779,steak
1780,pineapple Jell O®
1781,whipped cream cheese
1782,vegetable shortening
1783,Red Leicester cheese
1784,pork tenderloin
1785,salt pork
1786,lowfat coconut flavored yogurt
1787,Hungarian sweet paprika
1788,hot paprika
1789,puff pastry sheets
1790,black pepper or to taste
1791,Golden Delicious apples
1792,pink grapefruit
1793,pignoli nuts
1794,chocolate syrup or to taste
1795,whole wheat pie crusts
1796,canned green beans
1797,beef bouillon granules
1798,ham slices
1799,low fat evaporated milk
1800,sweet pickle juice
1801,sorghum
1802,cook serve vanilla pudding
1803,sugar cookie dough
1804,Irish whiskey
1805,russet potatoes
1806,white chocolate liqueur
1807,banana liqueur
1808,jicama
1809,watermelon rind
1810,cherries husked
1811,lamb
1812,bourbon whiskey
1813,double wide soda crackers
1814,For the Pastry:
1815,For the Apple Filling:
1816,white sugar or to taste
1817,Brownie Crust:
1818,marshmallow cream
1819,sugar free instant vanilla pudding mix
1820,reduced fat graham cracker pie crust
1821,fat free caramel dip
1822,squid
1823,creamy Italian style salad dressing
1824,swordfish steaks
1825,hot pepper sauce to taste
1826,jalapeno pepper sauce to taste
1827,fines herbs
1828,salmon steaks
1829,condensed cream of shrimp
1830,white Cheddar cheese
1831,cod fillets
1832,halibut
1833,file powder
1834,mussels debearded
1835,cracked black pepper to taste
1836,fish stock
1837,salmon fillets
1838,garlic powder to taste
1839,sole
1840,steaks halibut
1841,Spanish chorizo sausage
1842,Arborio rice
1843,Italian flat leaf parsley
1844,albacore tuna steaks thick
1845,hickory wood chips
1846,cod
1847,Old Bay Seasoning TM or to taste
1848,red snapper fillets
1849,haddock fillets
1850,halibut fillets
1851,mahi mahi fillets
1852,monkfish
1853,of lettuce
1854,spinach fettuccine pasta
1855,shark fillets
1856,crawfish tails
1857,lobster meat
1858,chorizo
1859,salt or more to taste
1860,pods snow peas
1861,red pepper flakes to taste
1862,lobster tails
1863,andouille sausage
1864,wedges lemon
1865,rainbow trout
1866,red snapper
1867,onion thickly
1868,white fish fillets
1869,parsley or fennel
1870,salt white pepper to taste
1871,anchovy paste
1872,whole trout
1873,sea bass fillets thick
1874,whole trout pan dressed
1875,crusty Italian bread
1876,unopened oysters
1877,black peppercorns
1878,papaya
1879,sea scallops
1880,catfish
1881,fat free Catalina salad dressing
1882,green enchilada sauce
1883,shrimp heads off unpeeled
1884,lobsters
1885,white potatoes
1886,ears corn
1887,bratwurst
1888,hot dogs
1889,fennel leaf
1890,sea bass
1891,saffron threads
1892,sweet chili sauce
1893,pink salmon
1894,halibut steak
1895,soy based steak marinade
1896,Old Bay Seasoning™
1897,garlic mushroom mix
1898,crawfish
1899,corn bread mix
1900,processed American cheese
1901,orange roughy fillets
1902,oysters undrained
1903,tiger prawns
1904,grouper
1905,jalapeno
1906,lobster tails but still
1907,hamburger buns
1908,lemon pepper linguine
1909,wonton wrappers
1910,julienne celery
1911,potato rounds
1912,Roma tomatoes
1913,venison
1914,condensed beef broth
1915,beef chuck
1916,pearl barley
1917,vegetable bouillon
1918,beef stew meat
1919,ham bone
1920,broccoli rabe stems
1921,lima beans
1922,halibut steaks
1923,beef oxtail
1924,blade roast
1925,pickled pearl onions
1926,serrano chiles
1927,fennel greens
1928,country style gravy mix
1929,Mexican style processed cheese food
1930,French baguette
1931,smoked ham hocks
1932,Rock Cornish hens
1933,smoked ham bone
1934,farina
1935,shoepeg corn
1936,celery flakes
1937,pork chops
1938,great Northern beans undrained
1939,twist macaroni
1940,lentils
1941,dill seed
1942,Polish sausage
1943,boneless pork loin
1944,green chile salsa
1945,chicken parts
1946,epazote
1947,chickpeas
1948,navy beans
1949,red lentils
1950,sausage
1951,canned red beans
1952,vegetable blend
1953,chicken base
1954,shells from shrimp
1955,no salt herb seasoning
1956,bologna
1957,habanero peppers
1958,New England clam chowder
1959,celery including some leaves
1960,beef bones
1961,non dairy creamer
1962,Mexican style tomatoes
1963,meatballs
1964,vegetable stock
1965,cream of asparagus
1966,tortellini pasta
1967,black beans overnight
1968,spinach pasta
1969,tomatillos
1970,white beans
1971,beef flavored ramen noodles
1972,canned tomatoes
1973,corn tortilla chips
1974,beef chuck roast
1975,escarole
1976,white hominy
1977,mixed beans
1978,Italian turkey sausage links
1979,granulated garlic
1980,white kidney beans
1981,mixed vegetable flakes
1982,processed cheese sauce
1983,chunk chicken
1984,shrimp consomme
1985,frankfurters
1986,eggplants
1987,iceberg lettuce julienne lo
1988,hot half half cream
1989,ham hocks
1990,delicata squash lengthwise
1991,unpeeled red potatoes
1992,1% milk
1993,dark red kidney beans
1994,canned potatoes
1995,kaffir lime
1996,galangal
1997,chile padi
1998,tom yum paste
1999,pork spareribs
2000,tomato vegetable juice cocktail
2001,meaty beef bones
2002,kielbasa sausage
2003,dill pickle juice
2004,dashi granules
2005,miso paste
2006,Jerusalem artichokes
2007,fried pork skins
2008,pig's feet
2009,hot red chile pepper pods
2010,baby shrimp
2011,bamboo shoots
2012,kale
2013,chili seasoning mix
2014,brown lentils
2015,thyme leaves
2016,fenugreek seeds
2017,honeycomb tripe
2018,callaloo leaves or spinach
2019,salt beef
2020,whole artichokes
2021,vermouth
2022,ghee or vegetable oil
2023,pods cardamom bruised
2024,curry
2025,Masoor dhal
2026,tamarind concentrate
2027,fresh parsley
2028,chicken cracklings
2029,matzo meal
2030,crab roe
2031,beef brisket
2032,yellow peas
2033,aromatic bitters
2034,whole red chile peppers
2035,butter lettuce
2036,tomato clam juice cocktail
2037,mint
2038,wood ear mushrooms
2039,tiger lily buds
2040,ginger liqueur
2041,lamb bones neck or shank
2042,banana squash
2043,vinegar
2044,Chinese rice wine
2045,lemon juice or to taste
2046,long grain rice
2047,to taste salt
2048,chicken stock or enough to cover potatoes
2049,Laughing Cow® Light Creamy Swiss wedges
2050,sirloin steak
2051,ranch style chili beans
2052,minestrone
2053,cilantro leaves
2054,citric acid powder
2055,smoked turkey sausage
2056,pizza sauce
2057,pepperoni sausage each
2058,pre pizza crust
2059,Johnsonville® Three Cheese Italian Style Chicken Sausage
2060,wild duck whole
2061,duck blood
2062,parsley flakes
2063,pork neck bones
2064,stale French bread
2065,sirloin tips
2066,veal knuckle
2067,short rib steaks
2068,shrimp shells
2069,fat free chicken broth
2070,pork beans
2071,lemon herb seasoning
2072,mild salsa
2073,whole tomatoes undrained
2074,petite peas
2075,barley flakes
2076,sirloin
2077,condensed minestrone
2078,condensed French onion
2079,canned artichoke hearts
2080,vegetable base
2081,portabella mushrooms
2082,'bouqet garni' spice balls
2083,reconstituted karengo
2084,leftover roast chicken frame bones giblets etc
2085,cauliflower mix
2086,crab boil
2087,Swiss Gruyere cheese
2088,lightly smoked cod skin
2089,beef shank
2090,taro
2091,sloppy joe sauce
2092,beefy mushroom
2093,canned kidney beans
2094,peas carrots
2095,Creole seasoning to taste
2096,French or Italian style bread
2097,ranch style beans
2098,red beans
2099,potatoes paper
2100,navy beans overnight
2101,leftover ham bone
2102,condensed chicken broth undiluted
2103,Chinese egg noodles
2104,meaty ham bone or smoked pork hocks
2105,red pepper flakes or to taste
2106,unpeeled potatoes
2107,pumpkin
2108,Vidalia onions
2109,smoked pork butt
2110,succotash
2111,bean mix
2112,low sodium salt
2113,adobo seasoning
2114,meaty ham hock
2115,bean mixture overnight
2116,yellow beans
2117,pickling spice
2118,Cinnamon Croutons:
2119,Soup:
2120,meaty ham bone or smoked ham hocks
2121,whole pumpkin
2122,blue crab crabmeat
2123,blue crab claws steamed
2124,bear meat
2125,venison stew meat
2126,red enchilada sauce
2127,lamb meat
2128,blue corn posole
2129,Salt to taste
2130,pork loin
2131,bread stick dough
2132,miniature sugar pumpkins
2133,cherry flavored Jell O®
2134,potatoes riced
2135,vanilla low fat yogurt
2136,meatless mincemeat
2137,neck giblets liver from turkey
2138,tangerines
2139,turkey sausage
2140,turkey liver
2141,sangria wine
2142,whole berry cranberry sauce
2143,kumquats
2144,Champagne
2145,tangerine juice
2146,sausage stuffing
2147,winter squash
2148,tarragon vinegar
2149,or bottle chile sauce
2150,condensed cream of chicken mushroom
2151,apricot flavored Jell O® mix
2152,cranberry flavored Jell O® mix
2153,cherry Jell O®
2154,French green beans
2155,leftover gravy
2156,pickled jalapeno peppers
2157,pickled jalapeno pepper juice
2158,pork sausage formed
2159,cornbread mix
2160,biscuits
2161,oysters juice
2162,Brussels sprouts
2163,sugar free organic apple juice
2164,whole pickled beets
2165,hot mustard
2166,whole pumpkin seeds
2167,whole kernel corn undrained
2168,Hawaiian sweet bread
2169,red Anjou pears
2170,white cherries
2171,nutritional yeast
2172,instant sugar free butterscotch pudding mix
2173,whole bran cereal or wheat germ
2174,Colby Jack cheese
2175,French or Italian bread
2176,unsulfured apples
2177,Creole seasoning
2178,pineapple yogurt
2179,Cheddar Monterey cheese blend
2180,peas onions
2181,cornbread stuffing mix
2182,fudge striped shortbread cookies
2183,candy corn
2184,instant sugar free vanilla pudding mix
2185,low fat graham cracker pie crust
2186,giblets from turkey
2187,pre ham
2188,duck
2189,sausage oyster dressing
2190,unseasoned bread stuffing mix
2191,chocolate shavings
2192,pimentos
2193,broad beans
2194,hot green chile peppers
2195,cumin seeds
2196,vegetable mix
2197,textured vegetable protein
2198,fat free ranch dressing
2199,reduced fat Cheddar cheese
2200,kaiser rolls
2201,bulgur
2202,red potatoes thick
2203,tomatoes each
2204,tempeh
2205,whole kalamata olives
2206,fried tofu
2207,brown miso
2208,unsalted sunflower seeds
2209,barley miso paste
2210,quinoa
2211,black beans; drain reserve liquid
2212,kasha
2213,pepper
2214,instant brown rice
2215,nonfat mozzarella cheese
2216,tamari or soy sauce
2217,spaghetti squash lengthwise
2218,cashew nuts
2219,fat free mozzarella cheese
2220,yellow wax beans
2221,red chili pepper
2222,ginger oil
2223,pea pods
2224,pareve margarine
2225,nondairy cream cheese
2226,vegetarian refried beans
2227,mixed peas carrots
2228,vegetarian Worcestershire sauce
2229,sourdough bread
2230,cloves garlic or more to taste
2231,cheese filled tortellini
2232,seitan
2233,asafoetida powder
2234,brown mustard seeds
2235,summer squash
2236,black beans undrained
2237,peanut or walnut oil
2238,Chinese wheat noodles
2239,fermented black beans
2240,dark sesame oil
2241,hickory flavored barbecue sauce
2242,vegetarian chicken flavored gravy mix
2243,fat free Italian style dressing
2244,cannelloni noodles
2245,hominy grits
2246,vegetarian beans
2247,chili powder or to taste
2248,imitation bacon bits
2249,whole wheat tortillas
2250,pitas
2251,herb lemon mix
2252,Spanish seasoning
2253,pigeon peas
2254,unsweetened coconut cream
2255,tamarind pulp
2256,chickpea flour
2257,quick cooking brown rice
2258,garden herb tofu
2259,taco shells
2260,extra tofu
2261,vegetarian fish sauce
2262,sweet Thai basil
2263,lemon grass bulb
2264,potatoes parboiled
2265,process cheese food
2266,Sauce:
2267,Cheese Filling:
2268,Vegetable Filling:
2269,poblano peppers
2270,shaved Parmesan cheese
2271,burger style crumbles
2272,polenta
2273,yellow pepper
2274,vegetarian Caesar style salad dressing
2275,sake
2276,green onions lengthwise
2277,tomatillos husked
2278,green tomatoes thick
2279,chopped cilantro
2280,cucumber lengthwise
2281,powdered saffron
2282,eggplants lengthwise
2283,silken tofu undrained
2284,safflower oil
2285,instant decaffeinated coffee
2286,vegetarian chicken flavor seasoning
2287,condensed Cheddar cheese
2288,herb stuffing
2289,rock salt
2290,wheat crackers
2291,green chutney
2292,sweet sour chutney
2293,tamarind extract
2294,new potatoes
2295,vegetarian sausage
2296,blackberry juice
2297,powdered pectin
2298,pepperoncini pepper
2299,peach pie filling
2300,fat free creamy salad dressing
2301,tart green apples
2302,raspberry vinaigrette salad dressing
2303,white balsamic vinegar
2304,rice wine vinegar
2305,rotelle pasta
2306,oil cured olives
2307,yellow apples
2308,lemon juice or more to taste
2309,caraway seeds
2310,maple flavored bacon
2311,Gravenstein apples
2312,Bibb lettuce
2313,vinaigrette salad dressing
2314,seedless cucumbers
2315,wagon wheel pasta
2316,green leaf lettuce
2317,fusilli/spiral pasta
2318,leaf lettuce
2319,butterhead lettuce
2320,honeydew melon
2321,orange flavored yogurt
2322,broccoli florets only
2323,garlic croutons
2324,canned black beans
2325,nicoise olives
2326,lemon vinaigrette
2327,cracked bulgur wheat
2328,low fat salad dressing
2329,chicken flavored rice mix
2330,salad seasoning mix
2331,orange pineapple flavored Jell O®
2332,unsalted crunchy peanut butter
2333,coleslaw mix
2334,syrup from canned pineapple
2335,Genoa salami
2336,Italian salad dressing
2337,Bermuda onion
2338,rainbow tortellini pasta
2339,cole slaw dressing
2340,green cabbage
2341,guacamole
2342,turkey bacon
2343,anchovy fillets
2344,olive oil from anchovies
2345,fajita seasoning
2346,fat free French dressing
2347,unsweetened whipped cream
2348,tri colored cheese filled tortellini
2349,arugula leaves
2350,salt free garlic herb seasoning blend
2351,creamy Caesar salad dressing
2352,non dairy whipped topping
2353,garlic flavored croutons
2354,melba toast
2355,boneless whole chicken breasts
2356,avocados lengthwise
2357,albacore tuna
2358,smoked chicken breast
2359,three bean salad
2360,tri colored spiral pasta
2361,dill pickle relish
2362,cucumber scored
2363,oil sun tomatoes
2364,salt pepper
2365,sherry wine vinegar
2366,English cucumber
2367,poppyseed salad dressing
2368,Caesar salad dressing
2369,canned asparagus
2370,acini di pepe pasta
2371,chicken flavored ramen noodles seasoning
2372,pickled beet
2373,thousand island dressing
2374,broccoli coleslaw mix
2375,rotelli pasta
2376,chicken deli meat
2377,oil vinegar salad dressing
2378,Red Delicious apples
2379,canned chickpeas
2380,extra turkey breast
2381,beet greens
2382,radicchio
2383,oyster mushrooms
2384,enoki mushrooms
2385,prunes prunes
2386,whole star anise pods
2387,whole cardamom pods
2388,bay leaves
2389,bacon slices
2390,pork tenderloins
2391,portobello mushroom caps
2392,apple cider vinegar
2393,onion powder or to taste
2394,baby back pork ribs
2395,focaccia bread horizontally
2396,of ice cubes
2397,beef top sirloin steak
2398,meat tenderizer
2399,oyster mushroom caps
2400,adobo seasoning to taste
2401,Mexican cheese blend
2402,green chilies
2403,flank steak or steak
2404,beef tenderloin steaks
2405,bratwurst sausages
2406,or bottles beer
2407,hoagie rolls
2408,rib eye steaks or steak of choice
2409,or bottles beer of choice
2410,honey teriyaki barbeque sauce
2411,raw horseradish
2412,honey flavored bacon
2413,teriyaki marinade sauce
2414,grained mustard
2415,oatmeal cookies
2416,white onions thickness
2417,corn cobs
2418,lamb chops
2419,beef top sirloin steaks
2420,breadcrumbs
2421,fennel bulb
2422,red chili peppers
2423,slabs pork baby back ribs
2424,top sirloin thick
2425,steaks beef tenderloin
2426,mesquite chips
2427,sunflower seed oil
2428,coriander seeds
2429,yellow mustard
2430,garlic or to taste
2431,salt free herb seasoning blend
2432,egg roll wrappers
2433,boneless beef top loin
2434,corned beef brisket
2435,shallots lengthwise
2436,beef tenderloin roast
2437,chuck roast
2438,onion mushroom mix
2439,boneless chuck roast
2440,boneless steak
2441,new red potatoes
2442,beef sirloin roast
2443,brown gravy mix
2444,beef rib eye steaks
2445,mushrooms except
2446,veal shank
2447,Mexican style tomato sauce
2448,top London Broil
2449,tip roast
2450,top roast
2451,wildflower honey
2452,or bottle chili sauce
2453,grape jelly
2454,filet mignon
2455,beef roast
2456,beef heart
2457,beef tongue whole
2458,calves' livers
2459,steaks
2460,or bottle stout beer
2461,boneless beef roast
2462,pork shoulder
2463,boneless loin pork roast
2464,pork steak
2465,boneless pork chops
2466,canned peach syrup
2467,pork medallions
2468,pork medallions each
2469,boneless pork
2470,stuffed green olives
2471,oil cured black olives
2472,pork loin roast
2473,Polish kielbasa
2474,country style pork ribs
2475,plum jam
2476,black cherry soda
2477,Boston butt roast
2478,spiced applesauce
2479,juniper berries
2480,spicy pork sausage links
2481,ready to eat ham
2482,garlic salt or to taste
2483,kohlrabi
2484,coriander
2485,Chinese cabbage
2486,pig's tail
2487,pig's ears
2488,peach preserves
2489,ear corn husked
2490,collard greens
2491,whole grain bread
2492,red kidney beans
2493,achiote seeds
2494,calrose rice
2495,pancetta
2496,pork loin chops
2497,Chinese mushrooms overnight
2498,or bottle guava nectar
2499,pretzel bits
2500,slim pretzels
2501,tomato based chili sauce
2502,ready made pizza crust
2503,fruit flavored cream cheese
2504,mango slices
2505,condensed bean
2506,green onion dip mix
2507,pita bread pockets
2508,chervil
2509,canned garbanzo beans
2510,jalapeno cheese dip
2511,blue cheese salad dressing
2512,cocktail rye bread
2513,cherry peppers
2514,mild picante sauce
2515,won ton wrappers
2516,green asparagus
2517,Thousand Island dressing
2518,lemon juice concentrate
2519,cocktail sauce
2520,tiny shrimp
2521,parsley or to taste
2522,Bavarian style sauerkraut undrained
2523,pastrami
2524,sweetened lime juice
2525,twist lemon
2526,sweet sour mix
2527,grenadine syrup
2528,wedge lime
2529,grapefruit flavored soda
2530,Gouda cheese
2531,ginger ale
2532,unsweetened white grape juice
2533,nopales
2534,kosher dill pickles
2535,beef luncheon meat
2536,onion juice
2537,pie crusts ready to bake
2538,maple roll sausage
2539,mung bean sprouts
2540,imitation coconut extract
2541,little smokie sausages
2542,brown sugar or to taste
2543,passion fruit flavored syrup
2544,proof rum
2545,pizza crust dough
2546,water tuna
2547,truffle
2548,fettuccini pasta
2549,transparent apples
2550,white Cheddar macaroni cheese mix
2551,butterscotch flavored extract
2552,pizza crust mix
2553,alphabet pasta
2554,hot pepper jelly
2555,annatto or achiote powder
2556,annatto powder
2557,sandwich bread
2558,wheel Brie cheese
2559,dinner rolls
2560,sauteed mushrooms
2561,reserved chicken broth
2562,Acesulfame Potassium sweetener
2563,serrano chile peppers
2564,ancho chile peppers
2565,pasilla chile peppers
2566,Water to cover
2567,linguica
2568,chourico Portuguese smoked pork sausage
2569,fat free Parmesan cheese
2570,sugar free cook serve vanilla pudding mix
2571,sugar free strawberry flavored Jell O®
2572,nigella seeds
2573,roast beef
2574,chocolate puff cereal
2575,American cheese slices
2576,kidney beans overnight
2577,fat free American cheese
2578,sweetened cereal
2579,Peach Filling:
2580,Cobbler Topping:
2581,scotch bonnet chile peppers
2582,curry powder or to taste
2583,Mizithra cheese
2584,cheese spread
2585,bread or matzo meal
2586,whole mushrooms
2587,cannelloni pasta
2588,cheese garlic salad dressing mix
2589,kirsch
2590,powdered lemonade mix
2591,mini phyllo tart shells
2592,white sandwich bread
2593,pastini
2594,veal stock
2595,deli chicken breast meat
2596,deli ham
2597,dirty rice mix
2598,spiced gumdrops
2599,margarita mix
2600,crown pork roast
2601,cherry liqueur
2602,espresso beans
2603,beef tripe
2604,bearnaise sauce
2605,hot chile sauce
2606,cucumber slices
2607,low fat low sodium beef broth
2608,deep dish pastry shell
2609,tri colored farfalle pasta
2610,zucchini steamed
2611,summer squash steamed
2612,chili beans undrained
2613,asparagus tips
2614,chocolate flavored syrup
2615,fat free strawberry cream cheese
2616,fat free pretzels
2617,strawberry daiquiri mixer
2618,raspberry ice cream
2619,raspberry syrup
2620,steamed asparagus tips
2621,bitter ale
2622,sticks butter
2623,Stilton cheese crumbed
2624,garlic cheese spread
2625,cream of wheat cereal
2626,For the Filling:
2627,almond meal
2628,whole jalapeno peppers
2629,bean dip
2630,chicken spread
2631,chocolate coating wafers
2632,unbleached bread flour
2633,Scotch whiskey
2634,hot pepper sauce or to taste
2635,bechamel sauce
2636,of mandarin orange
2637,whole carp scaled
2638,bay or sea scallops
2639,Mexican style cheese blend
2640,pork sausage hot
2641,spicy seasoning coating mix
2642,beef chuck steaks
2643,garlic herb cheese spread
2644,cottage cheese whipped
2645,rippled potato chips
2646,low sodium low fat vegetable broth
2647,chicken drumettes
2648,pimento cheese food
2649,fat free whipped topping
2650,hot salsa
2651,endive leaves
2652,brown mustard
2653,top sirloin
2654,garlic powder or to taste
2655,low sodium low fat chicken broth
2656,whole chile peppers
2657,grapeseed oil
2658,whole beets
2659,Dressing:
2660,Salad:
2661,turkey breast
2662,sweet gherkin pickles
2663,caramel apple circle
2664,spaghetti squash
2665,white meat turkey
2666,low sodium soy sauce
2667,Creole style seasoning
2668,concentrated fruit punch
2669,mango chutney
2670,beef steak
2671,yellow crookneck squash
2672,herbed bread stuffing mix
2673,pecan flavored extract
2674,semisweet baking chocolate
2675,German sweet chocolate chips
2676,juice mandarin oranges
2677,low calorie chocolate cake mix
2678,whole wheat pastry
2679,yeast extract spread
2680,rancherito cheese
2681,smoked ham shank
2682,ham base
2683,cooked ham
2684,braunschweiger liverwurst
2685,canned pineapple undrained
2686,almond buttercrunch confection
2687,chocolate brownie mix
2688,shaved semisweet chocolate
2689,rehydrated porcini mushrooms
2690,tagliatelle
2691,semisweet chocolate curls
2692,hot chile sauce or to taste
2693,hickory nuts
2694,whole coconuts meat
2695,pomegranate pulp colored
2696,rose water
2697,onion flakes
2698,Pastry Dough:
2699,Apple Filling:
2700,graham cracker crust chocolate
2701,chocolate hazelnut spread
2702,honey nut flavor cornflakes cereal
2703,sharp processed cheese food
2704,graham cracker pie crust
2705,Dough:
2706,chicken gravy mix according to package instructions
2707,cherry pie filling or flavor of choice
2708,pork baby back ribs
2709,beef suet
2710,cayenne pepper to taste
2711,bulgur wheat
2712,long grain brown rice
2713,yeast
2714,baby portobello mushrooms
2715,colaciones candies
2716,stick butter
2717,matzo farfel
2718,matzo crackers
2719,soda bread
2720,white confectioners' coating
2721,cauliflower broccoli
2722,smoked Cheddar cheese
2723,oyster crackers
2724,low fat ricotta cheese
2725,gluten flour
2726,whole cranberries
2727,cream cheese frosting
2728,salted or peanuts
2729,mochi
2730,sheet nori
2731,cracker
2732,shells puff pastry
2733,smoked Gouda
2734,raspberry juice
2735,boneless lamb shoulder
2736,cotechino
2737,powdered gold
2738,pot roast
2739,kosher
2740,whole cardamom seeds
2741,rosewater to taste
2742,olive oil vinaigrette dressing
2743,pods cardamom
2744,basmati rice
2745,Radicchio
2746,canned chicken
2747,cucumbers lengthwise
2748,jalapeno stuffed green olives
2749,eye of
2750,beef filet
2751,spicy corn chips
2752,tuna steaks thick
2753,salad greens
2754,Shaved chocolate to garnish
2755,jellyrolls each
2756,poached chicken breast meat
2757,beef gravy
2758,converted white rice
2759,canned corn
2760,bell pepper your color choice
2761,bottled margarita mix
2762,chili paste
2763,Chinese cooking wine
2764,red wine vinegar salad dressing
2765,horseradish mustard
2766,instant potatoes
2767,stew meat
2768,eye of roast
2769,sea salt to taste
2770,salted cod fish
2771,boneless pork chops that be
2772,sweet apples of your choice
2773,gorgonzola cheese
2774,beef short ribs
2775,cranberries or other fruit
2776,caramelized sugar
2777,French rolls
2778,green tea
2779,liters ginger ale soda
2780,lemon bar mix
2781,onion rolls
2782,GLAZE:
2783,white frosting
2784,strawberry glaze
2785,shoe peg corn
2786,canned green chiles or to taste
2787,cranberry quick bread mix
2788,boneless turkey roast
2789,beef sirloin
2790,or bottle dark beer
2791,hot chile peppers
2792,steak to
2793,garlic salt to taste
2794,white bread crusts
2795,premium bourbon
2796,canned chipotle peppers
2797,adobo sauce from canned chipotle peppers to taste
2798,beef sirloin steaks
2799,shrimp;
2800,kucai
2801,dashi kombu
2802,bonito shavings
2803,naruto
2804,yuzu
2805,pina colada candy oil
2806,mushroom gravy
2807,nutmeg to taste
2808,bell pepper stir fry mix
2809,American cheese OR your choice
2810,crackers
2811,rib roast
2812,chicken thighs bone
2813,beef tamales
2814,banana pepper juice
2815,snipped parsley
2816,fresh basil
2817,beef flavored stuffing mix
2818,condensed cheese
2819,pork steaks
2820,canned whole kernel corn
2821,sirloin OR London broil thick slices
2822,top
2823,hot cherry peppers
2824,deli roast beef
2825,top sirloin steak
2826,chunky pasta sauce
2827,crispy chow mein noodles
2828,rotini/corkscrew pasta
2829,Marinade:
2830,Coating:
2831,mustard powder to taste
2832,ramen noodle pasta
2833,condensed vegetable beef
2834,sized apples
2835,tri tip roast
2836,beef skirt steak
2837,orange flavored Jell O®
2838,boneless beef
2839,whole button mushrooms
2840,cream of mushroom
2841,wheat germ or whole wheat breadcrumbs
2842,French salad dressing
2843,paprika to taste
2844,tomato mix
2845,hearts of palm
2846,peach or mango chutney
2847,whole kernel corn; drain reserve liquid
2848,pinto beans or canned
2849,English walnuts
2850,bulgar
2851,jalapeno processed cheese spread
2852,pumpernickel party bread
2853,salad macaroni or other size pasta
2854,hot green pepper down its length
2855,leftover bread
2856,spinach lasagna noodles
2857,zucchini lengthwise
2858,kiwi fruit
2859,tomatoes thick
2860,mozzarella cheese thick
2861,yellow rice
2862,Colby Monterey Jack cheese
2863,cream style horseradish sauce
2864,porterhouse steak
2865,steak seasoning
2866,fluffy white frosting mix
2867,anise seeds
2868,shell pasta
2869,hot rice
2870,rice milk
2871,pre corn kernels
2872,yellow cornmeal
2873,Cheddar or Colby Jack cheese
2874,salted almonds
2875,smoked boneless ham
2876,crescent roll dough
2877,honey barbecue sauce
2878,canned sweet cherries
2879,Chablis wine
2880,white sauce mix
2881,sharp processed cheese spread
2882,smoked sausage thinly
2883,Cajun style seasoning
2884,bottom
2885,mixed berry fruit juice
2886,red raspberries
2887,mixed berries
2888,cornbread muffin mix
2889,beef cocktail wieners
2890,ham steak
2891,powdered red pepper or Cajun pepper
2892,pepper to taste
2893,chunky peanut butter
2894,cornstarch to thicken broth
2895,Alfredo sauce egg noodles mix
2896,Thai pepper garlic sauce
2897,curry paste
2898,walnuts or pecans
2899,whole salmon
2900,barbeque seasoning to taste
2901,one lemon
2902,spicy brown mustard
2903,herb garlic feta
2904,baguette
2905,raspberry wine vinegar
2906,maple syrup or more to taste
2907,bacon fried
2908,center bone
2909,raisins plumped
2910,nonfat sour cream
2911,spicy pork sausage
2912,jalapeno salsa
2913,pure maple syrup
2914,skim milk luke
2915,herb spice seasoning blend
2916,tilapia
2917,vegetarian burger patties
2918,servings sleeves buttery crackers
2919,pork sausage links
2920,Alfredo sauce mix
2921,gingersnaps
2922,sweet relish
2923,Thai chiles
2924,canned tomato sauce
2925,canned yellow corn
2926,buttermilk pancake mix
2927,chive flavored cottage cheese
2928,honey mustard sauce
2929,celery wide
2930,green beans snapped
2931,green plantain
2932,heat stable artificial sweetener
2933,non instant lemon pudding mix
2934,chicken breast bones
2935,tomato based hot pepper sauce
2936,vinegar based hot pepper sauce
2937,imitation crab
2938,non fat cottage cheese
2939,vegetarian burger crumbles
2940,green pepper
2941,pineapple sherbet
2942,liter lemon lime flavored carbonated beverage
2943,kosher red wine
2944,sour oranges
2945,pork butt roast
2946,bagels
2947,red chile peppers
2948,broccoli florets lightly steamed
2949,plain nonfat yogurt
2950,semisweet chocolate chips or other goodies
2951,green salsa
2952,or chicken meat
2953,Old Bay TM seasoning
2954,pepper jack cheese
2955,instant white rice
2956,Italian meatballs
2957,green onion or to taste
2958,vanilla flavored soy milk
2959,tomato lentil couscous mix
2960,green chili peppers
2961,crispy wheat cereal
2962,tater tots
2963,whole red chili pepper
2964,boneless chicken breast half
2965,liver pate
2966,leftover roast beef
2967,homemade beef gravy
2968,pizza dough
2969,turkey sausage links
2970,chipotle chile pepper
2971,canned onions
2972,self rising cornmeal
2973,sweet paprika
2974,pan drippings
2975,wood chips
2976,cakes compressed yeast
2977,grain cereal
2978,barbecue sauce your choice
2979,chicken or turkey meat
2980,meaty beef roast bone
2981,herb garlic mix
2982,steak rub
2983,servings hot dogs
2984,seedless watermelon
2985,sloppy joe seasoning
2986,rapid rise yeast
2987,bocconcini
2988,Belgian endive leaves
2989,sweet hot mustard
2990,wasabi
2991,Mexican style cheese
2992,tomatoes green chiles
2993,chunky applesauce
2994,instant Cheddar cheese sauce mix
2995,walnuts to taste
2996,Emmentaler cheese
2997,fast rising yeast
2998,hulled sunflower seeds
2999,strawberry Danish dessert mix
3000,rib eye roast
3001,smoked mozzarella cheese
3002,instant yeast
3003,French style salad dressing
3004,jalapeno pepper to taste
3005,non fat milk powder
3006,white pepper to taste
3007,serrano chilis
3008,almonds or other nut
3009,red spaghetti sauce
3010,Alfredo sauce
3011,jalapeno chile pepper stem
3012,unsalted cashews
3013,hot taco sauce
3014,pickled beets juice only
3015,daikon
3016,Camembert cheese
3017,lowfat milk
3018,walnuts or pecans to taste
3019,whole chicken lengthwise
3020,honey boneless chicken breast
3021,white pita bread
3022,black cod fillets
3023,ling cod fillets
3024,strawberry Jell O® mix
3025,hoisin sauce or more
3026,extra sharp white Cheddar cheese
3027,turkey meat
3028,liquid shellfish boil
3029,green chile pepper or to taste
3030,blue crabs
3031,mandarin oranges undrained
3032,turkey carcass
3033,chocolate graham crackers
3034,extra eggs
3035,lemon penne pasta
3036,long grain wild rice mix
3037,Creole smoked sausage
3038,long grain wild rice
3039,red green candied pineapple
3040,dill pickle slices
3041,biscuit mix
3042,flax seeds
3043,instant mocha cappuccino mix
3044,Mexican vanilla extract
3045,durum wheat flour
3046,chicken rice mix
3047,poblano chile peppers
3048,anise extract or drops anise oil
3049,quick cooking barley
3050,baby kernel corn
3051,whole eggs dyed
3052,lite sour cream
3053,cracker meal
3054,sugar free cherry flavored Jell O® mix
3055,mild curry powder
3056,zucchini squashes
3057,racks of lamb
3058,spearmint
3059,mint apple jelly
3060,panko bread
3061,CAKE LAYER:
3062,CHOCOLATE LAYER:
3063,NESTLE® TOLL HOUSE® Semi Sweet Chocolate Morsels
3064,RASPBERRY MOUSSE LAYER:
3065,NESTLE® TOLL HOUSE® Premier White Baking Chocolate
3066,Sweetened whipped cream
3067,Fresh raspberries
3068,flaky biscuit dough
3069,leftover bunny cake
3070,mango nectar
3071,mango garnish
3072,leftover roast lamb
3073,artichoke hearts undrained
3074,coconut flavored rum
3075,NESTLE® TOLL HOUSE® Semi Sweet Chocolate Covered Raisins
3076,Medium Cheddar cheese
3077,pierogies
3078,CAKE:
3079,NESTLE® TOLL HOUSE® Unsweetened Chocolate Baking Bar
3080,COFFEE CREME ANGLAISE SAUCE:
3081,TASTER'S CHOICE® 100% Pure Instant Coffee
3082,NESTLE® TOLL HOUSE® Baking Cocoa
3083,rib eye steaks
3084,orange jelly beans
3085,cilantro sprigs
3086,whole chickens each
3087,red seedless grapes
3088,ORTEGA® Whole Jalapenos
3089,SARGENTO® Fancy Shredded Mild Cheddar Cheese
3090,ORTEGA® Thick & Chunky Salsa
3091,Dipping Sauce:
3092,Blooming Onion:
3093,balsamic or cider vinegar
3094,sweetened cream of coconut
3095,recipe ready tomatoes undrained
3096,ORTEGA® Diced Green Chiles
3097,coffee liqueur
3098,macadamia nuts whole
3099,mixed broccoli cauliflower florets
3100,Mexican chocolate
3101,green beans French
3102,fried or poached eggs
3103,ORTEGA® Garden Style Salsa
3104,ORTEGA® Tostada Shells
3105,wheat barley flake cereal
3106,crown roast of pork
3107,French breadcrumbs
3108,steamed chestnuts
3109,candy coated peanut butter filled chocolate piece
3110,jigger bourbon
3111,dumpling skins
3112,honeydew
3113,beef steaks
3114,German chocolate
3115,Coconut Pecan Frosting:
3116,red bell pepper strips
3117,green bell pepper strips
3118,Flour tortillas
3119,Sour cream
3120,coarsely cracked black pepper
3121,NESTLE® TOLL HOUSE® Milk Chocolate Morsels
3122,pork chorizo
3123,SARGENTO® Fancy Shredded Monterey Jack Cheese
3124,CRUST:
3125,NESTLE® TOLL HOUSE® Semi Sweet Chocolate Chunks
3126,Toppings: sour cream olives green onions
3127,whole wheat berries
3128,pastries
3129,instant coconut cream pudding mix
3130,horseradish root
3131,caramel flavored frosting
3132,strawberry apricot or raspberry preserves
3133,ORTEGA® Burrito Seasoning Mix
3134,Additional suggestions: SARGENTO® ChefStyle Shredded Mild Cheddar Cheese lettuce tomatoes
3135,chicken tenders or strips
3136,four cheese Alfredo sauce
3137,For the Soaking Syrup:
3138,For Decorating:
3139,Frosting or whipped cream
3140,ORTEGA® Enchilada Sauce
3141,ears sweet corn off the cob
3142,hollandaise sauce mix
3143,Filling
3144,Chocolate Glaze
3145,red food color
3146,plus tablespoons beef broth OR chicken broth
3147,precooked carrots
3148,old fashioned oats
3149,SPICY CHOCOLATE CAKE:
3150,NESTLE® TOLL HOUSE® Semi Sweet Chocolate Morsels melted*
3151,ORTEGA® Diced Jalapenos
3152,RICH CHOCOLATE FROSTING:
3153,NESTLE® TOLL HOUSE® Choco Bake Unsweetened Chocolate Flavor
3154,plantains
3155,lightly salted peanuts
3156,spoon size wheat cereal
3157,lightly salted pretzels
3158,ORTEGA® Taco Seasoning mix
3159,avocado slices
3160,SARGENTO® Cheese Mexican Blend
3161,wasabi powder
3162,CHOCOLATE GLAZE:
3163,NESTLE® TOLL HOUSE® Premier White Morsels
3164,or blueberries
3165,lemon or lime juice
3166,ORTEGA® Thick & Smooth Taco Sauce
3167,ORTEGA® Taco Shells
3168,SARGENTO® ChefStyle Shredded Mild Cheddar Cheese
3169,Chopped tomatoes
3170,Sliced green onions
3171,bottled water
3172,mandarin oranges cup
3173,recipe ready tomatoes
3174,ORTEGA® Refried Beans
3175,creme de cassis liqueur
3176,red snapper or halibut fillets
3177,ORTEGA® Pickled Jalapeno Slices
3178,lime wedges
3179,Garnish suggestions: sour cream ORTEGA® Pickled Jalapeno Slices avocados
3180,MEATBALLS:
3181,SAUCE:
3182,canned chipotle chile
3183,MAGGI® Chicken Bouillon Cube
3184,MUFFINS:
3185,STREUSEL:
3186,stir fry sauce
3187,ORTEGA® Taco Seasoning Mix
3188,cod or other white fish fillets
3189,Toppings: cabbage tomato lime juice ORTEGA® Thick & Smooth Taco Sauce
3190,sugar free instant pudding mix
3191,instant French vanilla pudding
3192,sugar free strawberry glaze
3193,feta or cotija cheese
3194,ORTEGA® Whole Green Chiles
3195,nondairy whipped topping
3196,TOPPING:
3197,fava beans
3198,red pepper to taste
3199,ORTEGA® Green Chile Picante Sauce
3200,flavored Jell O®
3201,NESTLE® CARNATION® Evaporated Milk
3202,instant stuffing mix
3203,ALBERS® White or Yellow Corn Meal
3204,banana cake mix
3205,chicken breast tenderloins
3206,boneless center pork loin chops
3207,For the Sauce:
3208,plum sauce
3209,tapioca starch
3210,malt vinegar
3211,red or green bell pepper
3212,boneless chicken or turkey breast meat
3213,SARGENTO® Nacho & Taco Blend Shredded Cheese
3214,cube steak
3215,iceberg
3216,kielbasa
3217,Parmesan cheese or to taste
3218,whole onions
3219,butter to
3220,helix snails
3221,watercress leaves
3222,orange wedges
3223,Diced tomatoes
3224,mild pepper jelly
3225,Toppings: lettuce tomatoes SARGENTO® ChefStyle Shredded Mild Cheddar Cheese ORTEGA® Thick & Smooth Taco Sauce
3226,smoked deli turkey
3227,California avocado
3228,sheets puff pastry
3229,strawberries defrosted
3230,plum vinegar
3231,center pork chops
3232,lemon rind
3233,canned beets
3234,red beets
3235,French vanilla cake mix
3236,or ham
3237,boneless pork roast
3238,carrot strips
3239,pork hocks
3240,Tortillas
3241,buttermilk biscuit mix
3242,onion powder to taste
3243,pickle relish
3244,basil or to taste
3245,water or to cover
3246,leeks white part only
3247,whole grain mustard
3248,sherry vinegar
3249,hominy
3250,hot roll mix
3251,or bottle root beer
3252,applesauce baby food
3253,pine nuts/pignoli
3254,sauteed onion
3255,high gluten bread flour
3256,almond oil
3257,raspberry sauce
3258,butterscotch topping
3259,bottled clam juice
3260,fudge brownie mix
3261,shortdough pastry
3262,canned tuna
3263,mozzarella
3264,wine cooler
3265,New Mexico chile powder
3266,sprouted wheat berries
3267,brine
3268,English toffee flavored candy
3269,imitation vanilla butter & nut flavor
3270,smoked marlin
3271,Old Bay ™ Seasoning
3272,kosher salt to taste
3273,eggplant lengthwise
3274,tapenade
3275,NESTLE® TOLL HOUSE® Butterscotch Flavored Morsels
3276,NESTLE® TOLL HOUSE® Semi Sweet Chocolate Mini Morsels
3277,FUDGE:
3278,NESTLE® CARNATION® Evaporated Lowfat Milk
3279,maple flavoring
3280,stew beef
3281,alfalfa sprouts
3282,whole wheat bread flour
3283,stew meat OR steak
3284,date bread mix
3285,boneless beef chuck roast
3286,or bottle ginger ale
3287,instant long grain wild rice
3288,liquid egg substitute
3289,eggs left whole
3290,chocolate covered almonds
3291,molasses or more to taste
3292,high protein wheat flour
3293,wheat cereal biscuits
3294,miniature peanut butter
3295,linguini
3296,whole Dungeness crab
3297,turkey kielbasa slices
3298,fruit preserver
3299,spent grain
3300,soybeans
3301,soy milk powder
3302,kidney beans undrained
3303,pre crab meat
3304,browns
3305,French onion dip
3306,potato pancake mix
3307,quick cooking grits
3308,hot yellow banana peppers
3309,garlic unpeeled
3310,pimento cheese
3311,whole green beans
3312,vacuum corn
3313,spinach noodles
3314,Fuji apples
3315,lemonade flavored drink mix powder
3316,red licorice
3317,chocolate extract
3318,layered biscuits
3319,bluefish fillet
3320,lemonade
3321,dark chocolate candy
3322,freeze chives
3323,hot vegetable stock
3324,zucchini or yellow summer squash
3325,lemon Jell O®
3326,Italian plum tomatoes
3327,lamb stew meat
3328,pork stew meat
3329,savoy cabbage
3330,aerated milk chocolate candy bar
3331,caramel milk chocolate candy bar
3332,pre sweetened lemonade drink mix
3333,red currants
3334,fudge stripe cookies
3335,brown or wild rice
3336,California avocados
3337,Guacamole
3338,sweetened blueberries
3339,grapeseed oil on wax paper
3340,red salmon undrained
3341,hot sauce
3342,butterscotch ice cream topping
3343,fat free salad dressing
3344,French or Italian bread cubes
3345,dill pickle spear
3346,squirrels
3347,venison steaks
3348,New Mexico red chile powder
3349,whole duck
3350,hot dog buns
3351,pheasant
3352,lamb shank
3353,beef frankfurters
3354,stick unsalted butter
3355,chicken flavored bread stuffing mix
3356,sausages
3357,top sirloin beef
3358,whole green chile peppers
3359,potatoes lengthwise
3360,lamb shanks
3361,pheasant breast
3362,Oriental flavored ramen noodles
3363,shrimp flavored ramen noodles
3364,chicken noodle mix
3365,hot sausage fried
3366,white turkey meat
3367,boneless lamb stew meat
3368,Parmesan cheese flavored bread
3369,leftover pinto beans
3370,leftover macaroni
3371,leftover sausage
3372,onion sauteed
3373,turkey thighs excess
3374,Polish beef sausage
3375,boneless turkey breast tenderloins
3376,boneless turkey breast meat
3377,Southern style brown potatoes
3378,smoked turkey breast
3379,venison roast
3380,cheese flavored crackers
3381,undiluted orange juice concentrate
3382,Boston lettuce leaves
3383,honey turkey breast
3384,Chinese hot mustard
3385,cracked wheat bulgar
3386,canned tomatoes half
3387,reduced sodium soy sauce
3388,rice garlic vinegar
3389,boil
3390,Mexican style hot tomato sauce
3391,fat free refried beans
3392,hoagie rolls lengthwise
3393,deli turkey meat
3394,white dinner rolls
3395,whole niblet style corn
3396,potatoes au gratin
3397,chicken gizzards
3398,jiggers amaretto liqueur
3399,jiggers milk
3400,apple schnapps
3401,coconut liqueur
3402,apple jack
3403,Calvados
3404,Blue Curacao
3405,melon liqueur
3406,twists lime garnish
3407,instant hot chocolate mix
3408,unsweetened strawberries
3409,bananas chunked
3410,Puerto Rican white rum
3411,unsweetened strawberry flavored drink mix powder
3412,triple sec liqueur
3413,liter ginger ale
3414,orange spice tea
3415,watermelon flavored syrup
3416,jigger vodka
3417,jigger coconut flavored rum
3418,jigger grenadine syrup
3419,pineapple orange banana juice
3420,unsweetened lemon lime flavored drink mix
3421,jigger citron vodka
3422,pink lemonade
3423,liter carbonated water
3424,concentrated grape juice
3425,raspberry sorbet
3426,peach nectar
3427,sweetened raspberry flavored drink mix powder
3428,vanilla beans
3429,or bottles caffeinated lemon lime flavored carbonated beverage
3430,raspberry cream soda
3431,concentrated raspberry juice
3432,raspberry jelly
3433,rainbow sherbet
3434,lemon sherbet
3435,absinthe
3436,sour mix
3437,tropical fruit flavored Jell O® mix
3438,triple berry vodka
3439,strawberry sorbet
3440,port wine flavored gelatin mix
3441,chocolate covered crispy peanut butter flavored candy bar
3442,lemon peels
3443,orange peels
3444,chocolate chip cookies
3445,king size milk chocolate covered caramel nougat
3446,digestive biscuits
3447,chocolate covered caramel cookie
3448,chocolate cake
3449,individual graham crackers
3450,caramel topping
3451,coffee ice cream
3452,demerara sugar
3453,mixed spice
3454,bananas.
3455,aspartame artificial sweetener
3456,fat free cream cheese
3457,sugar free lemon flavored Jell O®
3458,reduced fat cream cheese
3459,instant cappuccino coffee
3460,chocolate fudge cake mix
3461,honey mustard salad dressing
3462,Chicken Marinade:
3463,Mexi Ranch Dressing:
3464,Cheddar/Monterey Jack cheese blend
3465,bite size Cheddar cheese crackers
3466,lemon gin
3467,Dough
3468,gluten free casein free margarine
3469,salted natural peanut butter
3470,tube green decorating icing
3471,Chocolate
3472,spinach tortellini
3473,oriental radish
3474,fettuccini noodles
3475,Meatballs:
3476,milk or water
3477,For the Tomato Sauce:
3478,cannelloni pasta shells
3479,canned grapes
3480,mostaccioli
3481,peppered bacon
3482,canned chicken meat
3483,potato cheese filled pierogies
3484,spaghettini
3485,Parmesan cheese to taste
3486,tri color rotini pasta
3487,chunky style spaghetti sauce
3488,Italian style tomato paste
3489,pork meat
3490,English cucumbers
3491,process sharp cheddar cheese singles
3492,processed sharp Cheddar cheese
3493,nacho cheese dip
3494,leek mix
3495,unsweetened cherry flavored drink mix powder
3496,prebaked deep dish pie shell
3497,chocolate shell topping
3498,herb garlic flavored cream cheese
3499,hot smoked sausage links
3500,ears corn husked
3501,shrimp unpeeled
3502,whole kingfish
3503,king mackerel fillets
3504,panko or regular bread
3505,Alaskan king crab legs
3506,salmon undrained
3507,Japanese sushi rice
3508,sheets nori
3509,wasabi paste
3510,whole smoked mullet
3511,sweet hot sauce
3512,whole flounder
3513,grouper fillets
3514,sweet peas
3515,mixed beans overnight
3516,turkey drippings
3517,onion dip
3518,pecan or sunflower meal
3519,garbanzo beans undrained
3520,vegetarian hot dogs
3521,fruit yogurt
3522,fat free Italian style salad dressing
3523,steak fillet
3524,Louisiana style hot sauce or to taste
3525,calves' brains
3526,pork chops thick
3527,spinach dip
3528,breadstick dough
3529,unflavored Jell O®
3530,ears corn kernels
3531,husked tomatillos
3532,boneless smoked bluefish
3533,kippers
3534,lop chong
3535,pork link sausage
3536,alligator meat
3537,shrimp tails on
3538,golden currants
3539,extra olive oil
3540,whole lychees
3541,canned coconut
3542,unsweetened flavored drink mix
3543,honey barbeque sauce
3544,red hot chile peppers
3545,semi mangos
3546,lime garnish
3547,unsweetened cocoa
3548,hot Italian sausage
3549,sweetened cocoa mix
3550,pasteurized egg yolks
3551,pasteurized egg whites
3552,CIGARS
3553,vanilla bean scraped
3554,COFFEE CREAM FILLING
3555,orange soda
3556,imitation crab meat
3557,lychee fruit
3558,rabbit meat
3559,long metal skewer
3560,beef tongue
3561,pasta of your choice
3562,white onion thinly
3563,concentrated grapefruit juice
3564,luncheon meat
3565,whiskey sour mix
